dataset,best_epoch,best_val_loss,final_train_loss
2D Gaussian (Narrow),300,3.114357508214501e-05,0.0003079925398439324
2D Gaussian (Overlap),24,0.2305022160212199,0.1769856920838356
2D Gaussian (Wide),300,0.0012264999034717523,3.210816872221282e-05
3D Gaussian (Narrow),300,2.0810359374460555e-05,6.017374078434538e-05
3D Gaussian (Overlap),222,0.01897220956161618,0.047465724597374595
3D Gaussian (Wide),300,2.325713115472657e-05,1.459883452601692e-05
2D Moons (Narrow),111,0.00044306167706963605,0.0016120926015840572
2D Moons (Overlap),28,0.1437981673081716,0.14092194173733394
2D Moons (Wide),300,7.002712219161822e-07,7.353468847431562e-07
